{
  "dependencies": [
    {
      "moduleName": "commons-codec:commons-codec",
      "moduleUrl": "https://github.com/apache/commons-codec",
      "moduleVersion": "1.15",
      "moduleLicense": "Apache License, Version 2.0",
      "moduleLicenseUrl": "https://github.com/apache/commons-codec/blob/rel/commons-codec-1.15/LICENSE.txt",
      "moduleNoticeUrl": "https://github.com/apache/commons-codec/blob/rel/commons-codec-1.15/NOTICE.txt"
    },
    {
      "moduleName": "info.picocli:picocli",
      "moduleUrl": "https://github.com/remkop/picocli",
      "moduleVersion": "4.6.1",
      "moduleLicense": "Apache License, Version 2.0",
      "moduleLicenseUrl": "https://github.com/remkop/picocli/blob/v4.6.1/LICENSE"
    },
    {
      "moduleName": "net.sf.saxon:Saxon-HE",
      "moduleUrl": "http://www.saxonica.com/",
      "moduleVersion": "10.2",
      "moduleLicense": "Mozilla Public License Version 2.0",
      "moduleLicenseUrl": "http://www.mozilla.org/MPL/2.0/"
    },
    {
      "moduleName": "org.apache.httpcomponents.client5:httpclient5",
      "moduleUrl": "https://github.com/apache/httpcomponents-client",
      "moduleVersion": "5.1.3",
      "moduleLicense": "Apache License, Version 2.0",
      "moduleLicenseUrl": "https://github.com/apache/httpcomponents-client/blob/rel/v5.1.3/LICENSE.txt",
      "moduleNoticeUrl": "https://github.com/apache/httpcomponents-client/blob/rel/v5.1.3/NOTICE.txt"
    },
    {
      "moduleName": "org.apache.httpcomponents.core5:httpcore5",
      "moduleUrl": "https://github.com/apache/httpcomponents-core",
      "moduleVersion": "5.1.3",
      "moduleLicense": "Apache License, Version 2.0",
      "moduleLicenseUrl": "https://github.com/apache/httpcomponents-core/blob/rel/v5.1.3/LICENSE.txt",
      "moduleNoticeUrl": "https://github.com/apache/httpcomponents-core/blob/rel/v5.1.3/NOTICE.txt"
    },
    {
      "moduleName": "org.apache.httpcomponents.core5:httpcore5-h2",
      "moduleUrl": "https://github.com/apache/httpcomponents-core",
      "moduleVersion": "5.1.3",
      "moduleLicense": "Apache License, Version 2.0",
      "moduleLicenseUrl": "https://github.com/apache/httpcomponents-core/blob/rel/v5.1.3/LICENSE.txt",
      "moduleNoticeUrl": "https://github.com/apache/httpcomponents-core/blob/rel/v5.1.3/NOTICE.txt"
    },
    {
      "moduleName": "org.slf4j:slf4j-api",
      "moduleUrl": "https://github.com/qos-ch/slf4j",
      "moduleVersion": "1.7.25",
      "moduleLicense": "MIT License",
      "moduleLicenseUrl": "https://github.com/qos-ch/slf4j/blob/v_1.7.25/slf4j-api/LICENSE.txt"
    },
    {
      "moduleName": "org.tinylog:tinylog-api",
      "moduleUrl": "https://github.com/tinylog-org/tinylog",
      "moduleVersion": "2.7.0",
      "moduleLicense": "Apache License, Version 2.0",
      "moduleLicenseUrl": "https://github.com/tinylog-org/tinylog/blob/2.7.0/license.txt"
    },
    {
      "moduleName": "org.tinylog:tinylog-impl",
      "moduleUrl": "https://github.com/tinylog-org/tinylog",
      "moduleVersion": "2.7.0",
      "moduleLicense": "Apache License, Version 2.0",
      "moduleLicenseUrl": "https://github.com/tinylog-org/tinylog/blob/2.7.0/license.txt"
    },
    {
      "moduleName": "org.xmlresolver:xmlresolver",
      "moduleUrl": "https://github.com/xmlresolver/xmlresolver",
      "moduleVersion": "5.1.2",
      "moduleLicense": "Apache License, Version 2.0",
      "moduleLicenseUrl": "https://github.com/xmlresolver/xmlresolver/blob/5.1.2/LICENSE.md"
    },
    {
      "moduleName": "org.xmlresolver:xmlresolver:data",
      "moduleUrl": "https://github.com/xmlresolver/xmlresolver",
      "moduleVersion": "5.1.2",
      "moduleLicense": "W3C License",
      "moduleLicenseUrl": "https://github.com/xmlresolver/xmlresolverdata/blob/main/src/notices/w3c-license.txt"
    },
    {
      "moduleName": "com.fasterxml.jackson.core:jackson-databind",
      "moduleUrl": "https://github.com/FasterXML/jackson-databind",
      "moduleVersion": "2.12.0",
      "moduleLicense": "Apache License, Version 2.0",
      "moduleLicenseUrl": "https://github.com/FasterXML/jackson-databind/blob/jackson-databind-2.12.0/LICENSE",
      "moduleNoticeUrl": "https://github.com/FasterXML/jackson-databind/blob/jackson-databind-2.12.0/src/main/resources/META-INF/NOTICE"
    }
  ]
}
